time,value
0,78.97371322408986
1,73.89388559063052
2,80.18150830480553
3,87.1842388512642
4,73.12677300221331
5,73.12690434440655
6,87.63370252405913
7,81.13947783322327
8,71.24420491252039
9,79.34048034868772
10,111.40924224974762
11,71.27416197143795
12,76.93569817252828
13,59.69375804273761
14,61.20065733989574
15,70.50169976607222
16,66.89735103732461
17,77.51397866076219
18,67.7358073958303
19,63.701570389317666
20,86.72519015137243
21,73.19378959610772
22,75.5402256375034
23,63.60201451029235
24,70.64493820379855
25,75.88738071767892
26,65.79205138062157
27,78.00558414676537
28,70.19489048064956
29,72.66645000165379
30,48.0219698075404
31,89.8182254760715
32,74.89202220209653
33,66.5383125683528
34,81.5803592968255
35,65.23325080023181
36,76.67090876003805
37,59.322639008961794
38,64.37451160881255
39,76.57488988695299
40,80.90773263996329
41,76.37094624951976
42,74.07481374089407
43,72.59117043528569
44,63.17182407706058
45,105.74550643679771
46,71.3148898323217
47,83.45697780975132
48,77.74894631654769
49,60.895678757098125
